test_loss,test_acc,time,name
0.2988802194595337,89.20726837060703,137.34535919991322,view cnn
