{"train_loss": 0.4140625, "train_acc": 1.0661691427230835, "test_loss": 1.0656851927439372, "test_acc": 0.5643939393939394, "_timestamp": 1692526131.5009449, "_runtime": 1.4595389366149902, "_step": 4, "_wandb": {"runtime": 0}}